path,assay,batch,plate,well,channels,site,cycle,n_frames
"s3://nf-pooled-cellpainting-sandbox/data/test-data/fix-s1/Source1/Batch1/images/Plate1/20X_CP_Plate1_20240319_122800_179/WellA1_PointA1_0000_ChannelPhalloAF750,CHN2-AF488,DAPI_Seq0000.ome.tiff",CP,Batch1,Plate1,A1,"Phalloidin,CHN2-AF488,DNA",0,1,3
"s3://nf-pooled-cellpainting-sandbox/data/test-data/fix-s1/Source1/Batch1/images/Plate1/20X_CP_Plate1_20240319_122800_179/WellA1_PointA1_0001_ChannelPhalloAF750,CHN2-AF488,DAPI_Seq0001.ome.tiff",CP,Batch1,Plate1,A1,"Phalloidin,CHN2-AF488,DNA",1,1,3
"s3://nf-pooled-cellpainting-sandbox/data/test-data/fix-s1/Source1/Batch1/images/Plate1/20X_CP_Plate1_20240319_122800_179/WellA1_PointA1_0002_ChannelPhalloAF750,CHN2-AF488,DAPI_Seq0002.ome.tiff",CP,Batch1,Plate1,A1,"Phalloidin,CHN2-AF488,DNA",2,1,3
"s3://nf-pooled-cellpainting-sandbox/data/test-data/fix-s1/Source1/Batch1/images/Plate1/20X_CP_Plate1_20240319_122800_179/WellA1_PointA1_0003_ChannelPhalloAF750,CHN2-AF488,DAPI_Seq0003.ome.tiff",CP,Batch1,Plate1,A1,"Phalloidin,CHN2-AF488,DNA",3,1,3
"s3://nf-pooled-cellpainting-sandbox/data/test-data/fix-s1/Source1/Batch1/images/Plate1/20X_CP_Plate1_20240319_122800_179/WellA2_PointA2_0000_ChannelPhalloAF750,CHN2-AF488,DAPI_Seq1025.ome.tiff",CP,Batch1,Plate1,A2,"Phalloidin,CHN2-AF488,DNA",0,1,3
"s3://nf-pooled-cellpainting-sandbox/data/test-data/fix-s1/Source1/Batch1/images/Plate1/20X_CP_Plate1_20240319_122800_179/WellA2_PointA2_0001_ChannelPhalloAF750,CHN2-AF488,DAPI_Seq1026.ome.tiff",CP,Batch1,Plate1,A2,"Phalloidin,CHN2-AF488,DNA",1,1,3
"s3://nf-pooled-cellpainting-sandbox/data/test-data/fix-s1/Source1/Batch1/images/Plate1/20X_CP_Plate1_20240319_122800_179/WellA2_PointA2_0002_ChannelPhalloAF750,CHN2-AF488,DAPI_Seq1027.ome.tiff",CP,Batch1,Plate1,A2,"Phalloidin,CHN2-AF488,DNA",2,1,3
"s3://nf-pooled-cellpainting-sandbox/data/test-data/fix-s1/Source1/Batch1/images/Plate1/20X_CP_Plate1_20240319_122800_179/WellA2_PointA2_0003_ChannelPhalloAF750,CHN2-AF488,DAPI_Seq1028.ome.tiff",CP,Batch1,Plate1,A2,"Phalloidin,CHN2-AF488,DNA",3,1,3
"s3://nf-pooled-cellpainting-sandbox/data/test-data/fix-s1/Source1/Batch1/images/Plate1/20X_CP_Plate1_20240319_122800_179/WellB1_PointB1_0000_ChannelPhalloAF750,CHN2-AF488,DAPI_Seq3075.ome.tiff",CP,Batch1,Plate1,B1,"Phalloidin,CHN2-AF488,DNA",0,1,3
"s3://nf-pooled-cellpainting-sandbox/data/test-data/fix-s1/Source1/Batch1/images/Plate1/20X_CP_Plate1_20240319_122800_179/WellB1_PointB1_0001_ChannelPhalloAF750,CHN2-AF488,DAPI_Seq3076.ome.tiff",CP,Batch1,Plate1,B1,"Phalloidin,CHN2-AF488,DNA",1,1,3
"s3://nf-pooled-cellpainting-sandbox/data/test-data/fix-s1/Source1/Batch1/images/Plate1/20X_CP_Plate1_20240319_122800_179/WellB1_PointB1_0002_ChannelPhalloAF750,CHN2-AF488,DAPI_Seq3077.ome.tiff",CP,Batch1,Plate1,B1,"Phalloidin,CHN2-AF488,DNA",2,1,3
"s3://nf-pooled-cellpainting-sandbox/data/test-data/fix-s1/Source1/Batch1/images/Plate1/20X_CP_Plate1_20240319_122800_179/WellB1_PointB1_0003_ChannelPhalloAF750,CHN2-AF488,DAPI_Seq3078.ome.tiff",CP,Batch1,Plate1,B1,"Phalloidin,CHN2-AF488,DNA",3,1,3
"s3://nf-pooled-cellpainting-sandbox/data/test-data/fix-s1/Source1/Batch1/images/Plate1/20X_c1_SBS-1/WellA1_PointA1_0000_ChannelC,A,T,G,DAPI_Seq0000.ome.tiff",SBS,Batch1,Plate1,A1,"C,A,T,G,DAPI",0,1,5
"s3://nf-pooled-cellpainting-sandbox/data/test-data/fix-s1/Source1/Batch1/images/Plate1/20X_c1_SBS-1/WellA1_PointA1_0001_ChannelC,A,T,G,DAPI_Seq0001.ome.tiff",SBS,Batch1,Plate1,A1,"C,A,T,G,DAPI",1,1,5
"s3://nf-pooled-cellpainting-sandbox/data/test-data/fix-s1/Source1/Batch1/images/Plate1/20X_c1_SBS-1/WellA1_PointA1_0002_ChannelC,A,T,G,DAPI_Seq0002.ome.tiff",SBS,Batch1,Plate1,A1,"C,A,T,G,DAPI",2,1,5
"s3://nf-pooled-cellpainting-sandbox/data/test-data/fix-s1/Source1/Batch1/images/Plate1/20X_c1_SBS-1/WellA1_PointA1_0003_ChannelC,A,T,G,DAPI_Seq0003.ome.tiff",SBS,Batch1,Plate1,A2,"C,A,T,G,DAPI",3,1,5
"s3://nf-pooled-cellpainting-sandbox/data/test-data/fix-s1/Source1/Batch1/images/Plate1/20X_c1_SBS-1/WellA2_PointA2_0000_ChannelC,A,T,G,DAPI_Seq1025.ome.tiff",SBS,Batch1,Plate1,A2,"C,A,T,G,DAPI",0,1,5
"s3://nf-pooled-cellpainting-sandbox/data/test-data/fix-s1/Source1/Batch1/images/Plate1/20X_c1_SBS-1/WellA2_PointA2_0001_ChannelC,A,T,G,DAPI_Seq1026.ome.tiff",SBS,Batch1,Plate1,A2,"C,A,T,G,DAPI",1,1,5
"s3://nf-pooled-cellpainting-sandbox/data/test-data/fix-s1/Source1/Batch1/images/Plate1/20X_c1_SBS-1/WellA2_PointA2_0002_ChannelC,A,T,G,DAPI_Seq1027.ome.tiff",SBS,Batch1,Plate1,A2,"C,A,T,G,DAPI",2,1,5
"s3://nf-pooled-cellpainting-sandbox/data/test-data/fix-s1/Source1/Batch1/images/Plate1/20X_c1_SBS-1/WellA2_PointA2_0003_ChannelC,A,T,G,DAPI_Seq1028.ome.tiff",SBS,Batch1,Plate1,A2,"C,A,T,G,DAPI",3,1,5
"s3://nf-pooled-cellpainting-sandbox/data/test-data/fix-s1/Source1/Batch1/images/Plate1/20X_c1_SBS-1/WellB1_PointB1_0000_ChannelC,A,T,G,DAPI_Seq3075.ome.tiff",SBS,Batch1,Plate1,B1,"C,A,T,G,DAPI",0,1,5
"s3://nf-pooled-cellpainting-sandbox/data/test-data/fix-s1/Source1/Batch1/images/Plate1/20X_c1_SBS-1/WellB1_PointB1_0001_ChannelC,A,T,G,DAPI_Seq3076.ome.tiff",SBS,Batch1,Plate1,B1,"C,A,T,G,DAPI",1,1,5
"s3://nf-pooled-cellpainting-sandbox/data/test-data/fix-s1/Source1/Batch1/images/Plate1/20X_c1_SBS-1/WellB1_PointB1_0002_ChannelC,A,T,G,DAPI_Seq3077.ome.tiff",SBS,Batch1,Plate1,B1,"C,A,T,G,DAPI",2,1,5
"s3://nf-pooled-cellpainting-sandbox/data/test-data/fix-s1/Source1/Batch1/images/Plate1/20X_c1_SBS-1/WellB1_PointB1_0003_ChannelC,A,T,G,DAPI_Seq3078.ome.tiff",SBS,Batch1,Plate1,B1,"C,A,T,G,DAPI",3,1,5
"s3://nf-pooled-cellpainting-sandbox/data/test-data/fix-s1/Source1/Batch1/images/Plate1/20X_c2_SBS-2/WellA1_PointA1_0000_ChannelC,A,T,G,DAPI_Seq0000.ome.tiff",SBS,Batch1,Plate1,A1,"C,A,T,G,DAPI",0,2,5
"s3://nf-pooled-cellpainting-sandbox/data/test-data/fix-s1/Source1/Batch1/images/Plate1/20X_c2_SBS-2/WellA1_PointA1_0001_ChannelC,A,T,G,DAPI_Seq0001.ome.tiff",SBS,Batch1,Plate1,A1,"C,A,T,G,DAPI",1,2,5
"s3://nf-pooled-cellpainting-sandbox/data/test-data/fix-s1/Source1/Batch1/images/Plate1/20X_c2_SBS-2/WellA1_PointA1_0002_ChannelC,A,T,G,DAPI_Seq0002.ome.tiff",SBS,Batch1,Plate1,A1,"C,A,T,G,DAPI",2,2,5
"s3://nf-pooled-cellpainting-sandbox/data/test-data/fix-s1/Source1/Batch1/images/Plate1/20X_c2_SBS-2/WellA1_PointA1_0003_ChannelC,A,T,G,DAPI_Seq0003.ome.tiff",SBS,Batch1,Plate1,A2,"C,A,T,G,DAPI",3,2,5
"s3://nf-pooled-cellpainting-sandbox/data/test-data/fix-s1/Source1/Batch1/images/Plate1/20X_c2_SBS-2/WellA2_PointA2_0000_ChannelC,A,T,G,DAPI_Seq1025.ome.tiff",SBS,Batch1,Plate1,A2,"C,A,T,G,DAPI",0,2,5
"s3://nf-pooled-cellpainting-sandbox/data/test-data/fix-s1/Source1/Batch1/images/Plate1/20X_c2_SBS-2/WellA2_PointA2_0001_ChannelC,A,T,G,DAPI_Seq1026.ome.tiff",SBS,Batch1,Plate1,A2,"C,A,T,G,DAPI",1,2,5
"s3://nf-pooled-cellpainting-sandbox/data/test-data/fix-s1/Source1/Batch1/images/Plate1/20X_c2_SBS-2/WellA2_PointA2_0002_ChannelC,A,T,G,DAPI_Seq1027.ome.tiff",SBS,Batch1,Plate1,A2,"C,A,T,G,DAPI",2,2,5
"s3://nf-pooled-cellpainting-sandbox/data/test-data/fix-s1/Source1/Batch1/images/Plate1/20X_c2_SBS-2/WellA2_PointA2_0003_ChannelC,A,T,G,DAPI_Seq1028.ome.tiff",SBS,Batch1,Plate1,A2,"C,A,T,G,DAPI",3,2,5
"s3://nf-pooled-cellpainting-sandbox/data/test-data/fix-s1/Source1/Batch1/images/Plate1/20X_c2_SBS-2/WellB1_PointB1_0000_ChannelC,A,T,G,DAPI_Seq3075.ome.tiff",SBS,Batch1,Plate1,B1,"C,A,T,G,DAPI",0,2,5
"s3://nf-pooled-cellpainting-sandbox/data/test-data/fix-s1/Source1/Batch1/images/Plate1/20X_c2_SBS-2/WellB1_PointB1_0001_ChannelC,A,T,G,DAPI_Seq3076.ome.tiff",SBS,Batch1,Plate1,B1,"C,A,T,G,DAPI",1,2,5
"s3://nf-pooled-cellpainting-sandbox/data/test-data/fix-s1/Source1/Batch1/images/Plate1/20X_c2_SBS-2/WellB1_PointB1_0002_ChannelC,A,T,G,DAPI_Seq3077.ome.tiff",SBS,Batch1,Plate1,B1,"C,A,T,G,DAPI",2,2,5
"s3://nf-pooled-cellpainting-sandbox/data/test-data/fix-s1/Source1/Batch1/images/Plate1/20X_c2_SBS-2/WellB1_PointB1_0003_ChannelC,A,T,G,DAPI_Seq3078.ome.tiff",SBS,Batch1,Plate1,B1,"C,A,T,G,DAPI",3,2,5
"s3://nf-pooled-cellpainting-sandbox/data/test-data/fix-s1/Source1/Batch1/images/Plate1/20X_c3_SBS-3/WellA1_PointA1_0000_ChannelC,A,T,G,DAPI_Seq0000.ome.tiff",SBS,Batch1,Plate1,A1,"C,A,T,G,DAPI",0,3,5
"s3://nf-pooled-cellpainting-sandbox/data/test-data/fix-s1/Source1/Batch1/images/Plate1/20X_c3_SBS-3/WellA1_PointA1_0001_ChannelC,A,T,G,DAPI_Seq0001.ome.tiff",SBS,Batch1,Plate1,A1,"C,A,T,G,DAPI",1,3,5
"s3://nf-pooled-cellpainting-sandbox/data/test-data/fix-s1/Source1/Batch1/images/Plate1/20X_c3_SBS-3/WellA1_PointA1_0002_ChannelC,A,T,G,DAPI_Seq0002.ome.tiff",SBS,Batch1,Plate1,A1,"C,A,T,G,DAPI",2,3,5
"s3://nf-pooled-cellpainting-sandbox/data/test-data/fix-s1/Source1/Batch1/images/Plate1/20X_c3_SBS-3/WellA1_PointA1_0003_ChannelC,A,T,G,DAPI_Seq0003.ome.tiff",SBS,Batch1,Plate1,A2,"C,A,T,G,DAPI",3,3,5
"s3://nf-pooled-cellpainting-sandbox/data/test-data/fix-s1/Source1/Batch1/images/Plate1/20X_c3_SBS-3/WellA2_PointA2_0000_ChannelC,A,T,G,DAPI_Seq1025.ome.tiff",SBS,Batch1,Plate1,A2,"C,A,T,G,DAPI",0,3,5
"s3://nf-pooled-cellpainting-sandbox/data/test-data/fix-s1/Source1/Batch1/images/Plate1/20X_c3_SBS-3/WellA2_PointA2_0001_ChannelC,A,T,G,DAPI_Seq1026.ome.tiff",SBS,Batch1,Plate1,A2,"C,A,T,G,DAPI",1,3,5
"s3://nf-pooled-cellpainting-sandbox/data/test-data/fix-s1/Source1/Batch1/images/Plate1/20X_c3_SBS-3/WellA2_PointA2_0002_ChannelC,A,T,G,DAPI_Seq1027.ome.tiff",SBS,Batch1,Plate1,A2,"C,A,T,G,DAPI",2,3,5
"s3://nf-pooled-cellpainting-sandbox/data/test-data/fix-s1/Source1/Batch1/images/Plate1/20X_c3_SBS-3/WellA2_PointA2_0003_ChannelC,A,T,G,DAPI_Seq1028.ome.tiff",SBS,Batch1,Plate1,A2,"C,A,T,G,DAPI",3,3,5
"s3://nf-pooled-cellpainting-sandbox/data/test-data/fix-s1/Source1/Batch1/images/Plate1/20X_c3_SBS-3/WellB1_PointB1_0000_ChannelC,A,T,G,DAPI_Seq3075.ome.tiff",SBS,Batch1,Plate1,B1,"C,A,T,G,DAPI",0,3,5
"s3://nf-pooled-cellpainting-sandbox/data/test-data/fix-s1/Source1/Batch1/images/Plate1/20X_c3_SBS-3/WellB1_PointB1_0001_ChannelC,A,T,G,DAPI_Seq3076.ome.tiff",SBS,Batch1,Plate1,B1,"C,A,T,G,DAPI",1,3,5
"s3://nf-pooled-cellpainting-sandbox/data/test-data/fix-s1/Source1/Batch1/images/Plate1/20X_c3_SBS-3/WellB1_PointB1_0002_ChannelC,A,T,G,DAPI_Seq3077.ome.tiff",SBS,Batch1,Plate1,B1,"C,A,T,G,DAPI",2,3,5
"s3://nf-pooled-cellpainting-sandbox/data/test-data/fix-s1/Source1/Batch1/images/Plate1/20X_c3_SBS-3/WellB1_PointB1_0003_ChannelC,A,T,G,DAPI_Seq3078.ome.tiff",SBS,Batch1,Plate1,B1,"C,A,T,G,DAPI",3,3,5